{"schemaVersion":"1.0","appDefinitionTemplate":{"id":"/providers/Microsoft.PowerApps/apps/","type":"Microsoft.PowerApps/apps","tags":{"primaryDeviceWidth":"640","primaryDeviceHeight":"1136","sienaVersion":"20200910T101215Z-3.20084.9.0","deviceCapabilities":"","supportsPortrait":"true","supportsLandscape":"false","primaryFormFactor":"Phone","publisherVersion":"3.20084.9","minimumRequiredApiVersion":"2.2.0","hasComponent":"true","hasUnlockedComponent":"true","isUnifiedRootApp":"false"},"properties":{"appVersion":"2020-09-10T10:12:15Z","lifeCycleId":"Published","createdByClientVersion":{"major":3,"minor":20084,"build":9,"revision":0,"majorRevision":0,"minorRevision":0},"minClientVersion":{"major":3,"minor":20084,"build":9,"revision":0,"majorRevision":0,"minorRevision":0},"backgroundColor":"rgba(0, 176, 240, 1)","backgroundImageUri":"/15871358523380205927/N296998ef-03b8-46d2-806a-2302f856f416-logoSmallFile","displayName":"IH","description":"","commitMessage":"","appUris":{"documentUri":{"value":"/15871358523380205927/Nc4c645bb-15e4-46eb-8430-f05d71e4d244-document.msapp","readonlyValue":"/15871358523380205927/Nc4c645bb-15e4-46eb-8430-f05d71e4d244-document.msapp"},"imageUris":[]},"createdTime":"0001-01-01T00:00:00Z","lastModifiedTime":"0001-01-01T00:00:00Z","sharedGroupsCount":0,"sharedUsersCount":0,"icons":{"smallIconUri":"/15871358523380205927/Nee5fedee-1fee-44ce-84f7-319dec33395f-small.png","mediumIconUri":"/15871358523380205927/N2d8bc0b3-58d1-4bd2-b004-9329f05217fd-medium.png","largeIconUri":"/15871358523380205927/Na31eb5cc-a679-4925-90ea-c1aa1fe345ba-large.png","wideIconUri":"/15871358523380205927/Na8964890-d475-48d5-ac84-d4b755784df1-wide.png"},"connectionReferences":{"569ee023-1669-4aa0-a975-209f43ef0469":{"id":"381c16d0-9e55-402d-ab09-4929f0230b72","displayName":"Excel","iconUri":"https://connectoricons-prod.azureedge.net/excel/icon_1.0.1352.2014.png","dataSources":["Table1"],"dependencies":["aa058110-77e7-41c9-be91-a4e5b77f0250"],"dependents":[],"parameterHints":{"aa058110-77e7-41c9-be91-a4e5b77f0250":{"value":"fileSource"}},"isOnPremiseConnection":false,"bypassConsent":false,"dataSets":{"b!P-YGzjqNhkemIcbZyUmm93KLUxKnaDtEtRzobEZGavWJAtTAWzeFQo0K9Pngh9FE.01CLVFBIFVE3E7I5XWG5BIHBR2Y52E3R6X":{"dataSources":{"Table1":{"tableName":"Table1"}}}},"apiTier":"Standard","isCustomApiConnection":false},"aa058110-77e7-41c9-be91-a4e5b77f0250":{"id":"024ca24e-e939-44d4-91c6-f36379985446","displayName":"OneDrive for Business","iconUri":"https://connectoricons-prod.azureedge.net/onedriveforbusiness/icon_1.0.1341.1987.png","dataSources":[],"dependencies":[],"dependents":["569ee023-1669-4aa0-a975-209f43ef0469"],"parameterHints":{},"isOnPremiseConnection":false,"bypassConsent":false,"dataSets":{},"apiTier":"Standard","isCustomApiConnection":false},"142f5474-8c22-49cb-b1b5-795879794127":{"id":"b41991ba-b456-4977-afdc-cbeeeee64c00","displayName":"Office 365 Outlook","iconUri":"https://connectoricons-prod.azureedge.net/releases/v1.0.1385/1.0.1385.2110/office365/icon.png","dataSources":["Office365Outlook"],"dependencies":[],"dependents":[],"parameterHints":{},"isOnPremiseConnection":false,"bypassConsent":false,"dataSets":{},"apiTier":"Standard","isCustomApiConnection":false},"234b75fb-67b5-4271-a0e1-cdd520e4b724":{"id":"015d42f5-9b1b-41d0-a5c7-35a96edfe3c4","displayName":"Twitter","iconUri":"https://connectoricons-prod.azureedge.net/releases/v1.0.1383/1.0.1383.2102/twitter/icon.png","dataSources":["Twitter"],"dependencies":[],"dependents":[],"parameterHints":{},"isOnPremiseConnection":false,"bypassConsent":false,"dataSets":{},"apiTier":"Standard","isCustomApiConnection":false},"0f3b17b9-83a7-4541-92f7-f247c6261549":{"id":"0d3ae84c-e1ff-44c6-a3e4-2b2f9149c438","displayName":"SharePoint","iconUri":"https://connectoricons-prod.azureedge.net/releases/v1.0.1389/1.0.1389.2117/sharepointonline/icon.png","dataSources":["IH_usersimg"],"dependencies":[],"dependents":[],"parameterHints":{},"isOnPremiseConnection":false,"bypassConsent":false,"dataSets":{"https://unsw.sharepoint.com/sites/Image_from_user":{"dataSources":{"IH_usersimg":{"tableName":"d95fb343-0be0-43e4-a985-3b161b429458"}}}},"apiTier":"Standard","isCustomApiConnection":false}},"databaseReferences":{},"almMode":"Environment","performanceOptimizationEnabled":true,"canConsumeAppPass":true},"isAppComponentLibrary":false,"appType":"ClassicCanvasApp","appComponents":[]}}